Circuit,TotalPitStops,PitStops,Position
1,2,"[{'Lap': 17, 'StopTime': 25.064}, {'Lap': 37, 'StopTime': 24.209}]",1
1,2,"[{'Lap': 12, 'StopTime': 24.516}, {'Lap': 36, 'StopTime': 24.563}]",2
1,2,"[{'Lap': 14, 'StopTime': 24.474}, {'Lap': 35, 'StopTime': 23.866}]",3
1,2,"[{'Lap': 11, 'StopTime': 24.069}, {'Lap': 34, 'StopTime': 24.136}]",4
1,2,"[{'Lap': 11, 'StopTime': 24.778}, {'Lap': 31, 'StopTime': 24.866}]",5
1,2,"[{'Lap': 13, 'StopTime': 24.205}, {'Lap': 33, 'StopTime': 24.705}]",6
1,2,"[{'Lap': 12, 'StopTime': 25.087}, {'Lap': 33, 'StopTime': 24.094}]",7
1,2,"[{'Lap': 12, 'StopTime': 25.45}, {'Lap': 34, 'StopTime': 24.852}]",8
1,2,"[{'Lap': 15, 'StopTime': 24.786}, {'Lap': 41, 'StopTime': 25.109}]",9
1,2,"[{'Lap': 9, 'StopTime': 24.418}, {'Lap': 27, 'StopTime': 24.545}]",10
1,2,"[{'Lap': 9, 'StopTime': 25.208}, {'Lap': 28, 'StopTime': 25.094}]",11
1,2,"[{'Lap': 11, 'StopTime': 25.951}, {'Lap': 32, 'StopTime': 24.446}]",12
1,2,"[{'Lap': 13, 'StopTime': 24.988}, {'Lap': 35, 'StopTime': 24.856}]",13
1,2,"[{'Lap': 14, 'StopTime': 24.724}, {'Lap': 34, 'StopTime': 24.324}]",14
1,2,"[{'Lap': 15, 'StopTime': 24.681}, {'Lap': 36, 'StopTime': 24.61}]",15
1,3,"[{'Lap': 1, 'StopTime': 36.604}, {'Lap': 20, 'StopTime': 24.768}, {'Lap': 41, 'StopTime': 24.387}]",16
1,2,"[{'Lap': 10, 'StopTime': 24.877}, {'Lap': 30, 'StopTime': 25.145}]",17
1,3,"[{'Lap': 12, 'StopTime': 29.98}, {'Lap': 31, 'StopTime': 26.462}, {'Lap': 43, 'StopTime': 25.24}]",18
1,2,"[{'Lap': 12, 'StopTime': 26.42}, {'Lap': 30, 'StopTime': 74.773}]",19
1,3,"[{'Lap': 10, 'StopTime': 35.729}, {'Lap': 28, 'StopTime': 25.07}, {'Lap': 40, 'StopTime': 25.346}]",20
2,1,"[{'Lap': 7, 'StopTime': 20.607}]",1
2,1,"[{'Lap': 7, 'StopTime': 22.196}]",2
2,1,"[{'Lap': 7, 'StopTime': 23.419}]",3
2,1,"[{'Lap': 7, 'StopTime': 21.427}]",4
2,1,"[{'Lap': 7, 'StopTime': 22.129}]",5
2,1,"[{'Lap': 7, 'StopTime': 21.013}]",6
2,1,"[{'Lap': 7, 'StopTime': 22.457}]",7
2,1,"[{'Lap': 37, 'StopTime': 22.211}]",8
2,1,"[{'Lap': 36, 'StopTime': 20.17}]",9
2,1,"[{'Lap': 33, 'StopTime': 21.035}]",10
2,1,"[{'Lap': 7, 'StopTime': 21.723}]",11
2,1,"[{'Lap': 7, 'StopTime': 21.46}]",12
2,1,"[{'Lap': 7, 'StopTime': 22.502}]",13
2,1,"[{'Lap': 7, 'StopTime': 23.645}]",14
2,1,"[{'Lap': 7, 'StopTime': 21.694}]",15
2,1,"[{'Lap': 7, 'StopTime': 63.364}]",16
2,2,"[{'Lap': 7, 'StopTime': 22.795}, {'Lap': 35, 'StopTime': 23.281}]",17
2,1,"[{'Lap': 41, 'StopTime': 46.381}]",18
2,0,[],19
2,0,[],20
3,2,"[{'Lap': 16, 'StopTime': 17.599}, {'Lap': 41, 'StopTime': 17.74}]",1
3,2,"[{'Lap': 9, 'StopTime': 17.409}, {'Lap': 34, 'StopTime': 17.308}]",2
3,2,"[{'Lap': 14, 'StopTime': 17.776}, {'Lap': 40, 'StopTime': 17.653}]",3
3,2,"[{'Lap': 9, 'StopTime': 17.573}, {'Lap': 39, 'StopTime': 18.533}]",4
3,2,"[{'Lap': 14, 'StopTime': 18.112}, {'Lap': 35, 'StopTime': 17.222}]",5
3,2,"[{'Lap': 8, 'StopTime': 17.901}, {'Lap': 37, 'StopTime': 17.977}]",6
3,2,"[{'Lap': 9, 'StopTime': 18.523}, {'Lap': 36, 'StopTime': 17.535}]",7
3,2,"[{'Lap': 17, 'StopTime': 18.16}, {'Lap': 41, 'StopTime': 17.995}]",8
3,2,"[{'Lap': 17, 'StopTime': 18.32}, {'Lap': 35, 'StopTime': 18.145}]",9
3,2,"[{'Lap': 7, 'StopTime': 18.301}, {'Lap': 33, 'StopTime': 18.151}]",10
3,2,"[{'Lap': 6, 'StopTime': 17.755}, {'Lap': 27, 'StopTime': 17.745}]",11
3,2,"[{'Lap': 5, 'StopTime': 18.265}, {'Lap': 29, 'StopTime': 17.751}]",12
3,2,"[{'Lap': 17, 'StopTime': 20.316}, {'Lap': 41, 'StopTime': 17.682}]",13
3,2,"[{'Lap': 8, 'StopTime': 46.969}, {'Lap': 36, 'StopTime': 18.938}]",14
3,2,"[{'Lap': 6, 'StopTime': 19.032}, {'Lap': 35, 'StopTime': 36.866}]",15
3,3,"[{'Lap': 9, 'StopTime': 18.287}, {'Lap': 16, 'StopTime': 30.626}, {'Lap': 42, 'StopTime': 18.007}]",16
3,2,"[{'Lap': 8, 'StopTime': 18.046}, {'Lap': 45, 'StopTime': 17.964}]",17
3,1,"[{'Lap': 7, 'StopTime': 17.596}]",18
3,0,[],19
4,3,"[{'Lap': 1, 'StopTime': 1575.603}, {'Lap': 16, 'StopTime': 23.177}, {'Lap': 34, 'StopTime': 23.234}]",1
4,3,"[{'Lap': 1, 'StopTime': 1577.661}, {'Lap': 15, 'StopTime': 22.99}, {'Lap': 33, 'StopTime': 22.956}]",2
4,3,"[{'Lap': 1, 'StopTime': 1580.097}, {'Lap': 15, 'StopTime': 23.136}, {'Lap': 36, 'StopTime': 23.591}]",3
4,2,"[{'Lap': 1, 'StopTime': 1583.333}, {'Lap': 26, 'StopTime': 23.285}]",4
4,3,"[{'Lap': 1, 'StopTime': 1580.116}, {'Lap': 11, 'StopTime': 23.049}, {'Lap': 26, 'StopTime': 23.232}]",5
4,3,"[{'Lap': 1, 'StopTime': 1580.924}, {'Lap': 13, 'StopTime': 22.998}, {'Lap': 33, 'StopTime': 23.157}]",6
4,3,"[{'Lap': 1, 'StopTime': 1581.238}, {'Lap': 22, 'StopTime': 23.577}, {'Lap': 37, 'StopTime': 22.991}]",7
4,3,"[{'Lap': 1, 'StopTime': 1580.204}, {'Lap': 12, 'StopTime': 23.42}, {'Lap': 32, 'StopTime': 22.848}]",8
4,3,"[{'Lap': 1, 'StopTime': 1580.696}, {'Lap': 23, 'StopTime': 23.333}, {'Lap': 39, 'StopTime': 23.956}]",9
4,3,"[{'Lap': 1, 'StopTime': 1584.553}, {'Lap': 7, 'StopTime': 23.358}, {'Lap': 22, 'StopTime': 23.486}]",10
4,3,"[{'Lap': 1, 'StopTime': 1580.886}, {'Lap': 5, 'StopTime': 23.622}, {'Lap': 33, 'StopTime': 23.993}]",11
4,4,"[{'Lap': 1, 'StopTime': 1585.911}, {'Lap': 12, 'StopTime': 23.358}, {'Lap': 22, 'StopTime': 23.238}, {'Lap': 34, 'StopTime': 22.911}]",12
4,2,"[{'Lap': 1, 'StopTime': 1584.63}, {'Lap': 22, 'StopTime': 26.198}]",13
4,3,"[{'Lap': 1, 'StopTime': 1582.542}, {'Lap': 6, 'StopTime': 24.824}, {'Lap': 22, 'StopTime': 25.946}]",14
4,3,"[{'Lap': 1, 'StopTime': 1586.095}, {'Lap': 19, 'StopTime': 23.394}, {'Lap': 33, 'StopTime': 24.181}]",15
4,3,"[{'Lap': 1, 'StopTime': 1586.793}, {'Lap': 16, 'StopTime': 23.844}, {'Lap': 32, 'StopTime': 23.102}]",16
4,4,"[{'Lap': 1, 'StopTime': 1585.267}, {'Lap': 22, 'StopTime': 25.53}, {'Lap': 34, 'StopTime': 24.22}, {'Lap': 41, 'StopTime': 23.287}]",17
4,3,"[{'Lap': 1, 'StopTime': 1582.912}, {'Lap': 7, 'StopTime': 23.91}, {'Lap': 11, 'StopTime': 26.653}]",18
4,0,[],19
4,0,[],20
5,2,"[{'Lap': 13, 'StopTime': 22.456}, {'Lap': 23, 'StopTime': 22.27}]",1
5,1,"[{'Lap': 22, 'StopTime': 22.161}]",2
5,2,"[{'Lap': 13, 'StopTime': 22.027}, {'Lap': 23, 'StopTime': 22.371}]",3
5,1,"[{'Lap': 21, 'StopTime': 22.36}]",4
5,1,"[{'Lap': 17, 'StopTime': 22.629}]",5
5,2,"[{'Lap': 11, 'StopTime': 22.415}, {'Lap': 23, 'StopTime': 22.707}]",6
5,3,"[{'Lap': 11, 'StopTime': 23.049}, {'Lap': 23, 'StopTime': 22.687}, {'Lap': 43, 'StopTime': 23.179}]",7
5,2,"[{'Lap': 16, 'StopTime': 22.673}, {'Lap': 24, 'StopTime': 22.262}]",8
5,2,"[{'Lap': 9, 'StopTime': 22.518}, {'Lap': 21, 'StopTime': 22.662}]",9
5,2,"[{'Lap': 8, 'StopTime': 23.004}, {'Lap': 23, 'StopTime': 23.336}]",10
5,2,"[{'Lap': 9, 'StopTime': 23.156}, {'Lap': 23, 'StopTime': 23.208}]",11
5,2,"[{'Lap': 9, 'StopTime': 23.273}, {'Lap': 23, 'StopTime': 23.6}]",12
5,3,"[{'Lap': 11, 'StopTime': 39.712}, {'Lap': 23, 'StopTime': 23.987}, {'Lap': 38, 'StopTime': 22.836}]",13
5,3,"[{'Lap': 8, 'StopTime': 23.362}, {'Lap': 23, 'StopTime': 25.61}, {'Lap': 40, 'StopTime': 23.252}]",14
5,4,"[{'Lap': 9, 'StopTime': 23.823}, {'Lap': 21, 'StopTime': 22.911}, {'Lap': 26, 'StopTime': 93.274}, {'Lap': 35, 'StopTime': 34.777}]",15
5,2,"[{'Lap': 17, 'StopTime': 22.974}, {'Lap': 27, 'StopTime': 25.727}]",16
5,2,"[{'Lap': 12, 'StopTime': 23.229}, {'Lap': 24, 'StopTime': 22.684}]",17
5,1,"[{'Lap': 14, 'StopTime': 22.598}]",18
5,2,"[{'Lap': 8, 'StopTime': 23.16}, {'Lap': 23, 'StopTime': 22.387}]",19
5,1,"[{'Lap': 9, 'StopTime': 22.949}]",20
6,1,"[{'Lap': 29, 'StopTime': 22.041}]",1
6,1,"[{'Lap': 23, 'StopTime': 22.187}]",2
6,1,"[{'Lap': 19, 'StopTime': 21.825}]",3
6,2,"[{'Lap': 17, 'StopTime': 21.695}, {'Lap': 28, 'StopTime': 22.396}]",4
6,1,"[{'Lap': 27, 'StopTime': 22.805}]",5
6,1,"[{'Lap': 26, 'StopTime': 22.107}]",6
6,1,"[{'Lap': 28, 'StopTime': 22.153}]",7
6,1,"[{'Lap': 24, 'StopTime': 22.8}]",8
6,1,"[{'Lap': 22, 'StopTime': 22.374}]",9
6,1,"[{'Lap': 22, 'StopTime': 22.663}]",10
6,2,"[{'Lap': 12, 'StopTime': 23.055}, {'Lap': 28, 'StopTime': 22.487}]",11
6,1,"[{'Lap': 12, 'StopTime': 22.466}]",12
6,2,"[{'Lap': 27, 'StopTime': 22.216}, {'Lap': 40, 'StopTime': 30.409}]",13
6,1,"[{'Lap': 28, 'StopTime': 23.017}]",14
6,1,"[{'Lap': 28, 'StopTime': 22.54}]",15
6,2,"[{'Lap': 11, 'StopTime': 23.73}, {'Lap': 29, 'StopTime': 22.765}]",16
6,2,"[{'Lap': 11, 'StopTime': 23.038}, {'Lap': 28, 'StopTime': 22.631}]",17
6,2,"[{'Lap': 10, 'StopTime': 22.828}, {'Lap': 53, 'StopTime': 22.567}]",18
6,3,"[{'Lap': 22, 'StopTime': 23.265}, {'Lap': 28, 'StopTime': 29.727}, {'Lap': 31, 'StopTime': 30.732}]",19
6,1,"[{'Lap': 11, 'StopTime': 22.611}]",20
7,1,"[{'Lap': 24, 'StopTime': 30.416}]",1
7,1,"[{'Lap': 22, 'StopTime': 29.956}]",2
7,1,"[{'Lap': 25, 'StopTime': 30.149}]",3
7,1,"[{'Lap': 23, 'StopTime': 29.77}]",4
7,1,"[{'Lap': 27, 'StopTime': 30.508}]",5
7,1,"[{'Lap': 27, 'StopTime': 29.547}]",6
7,2,"[{'Lap': 21, 'StopTime': 29.664}, {'Lap': 52, 'StopTime': 29.605}]",7
7,1,"[{'Lap': 37, 'StopTime': 29.669}]",8
7,1,"[{'Lap': 37, 'StopTime': 29.971}]",9
7,1,"[{'Lap': 12, 'StopTime': 29.628}]",10
7,1,"[{'Lap': 13, 'StopTime': 29.749}]",11
7,1,"[{'Lap': 37, 'StopTime': 31.302}]",12
7,1,"[{'Lap': 11, 'StopTime': 30.068}]",13
7,1,"[{'Lap': 25, 'StopTime': 30.659}]",14
7,1,"[{'Lap': 33, 'StopTime': 30.244}]",15
7,2,"[{'Lap': 8, 'StopTime': 30.081}, {'Lap': 30, 'StopTime': 30.654}]",16
7,1,"[{'Lap': 31, 'StopTime': 31.085}]",17
7,1,"[{'Lap': 8, 'StopTime': 30.24}]",18
7,3,"[{'Lap': 7, 'StopTime': 31.368}, {'Lap': 40, 'StopTime': 30.483}, {'Lap': 59, 'StopTime': 29.931}]",19
7,4,"[{'Lap': 8, 'StopTime': 30.05}, {'Lap': 9, 'StopTime': 33.179}, {'Lap': 23, 'StopTime': 38.413}, {'Lap': 28, 'StopTime': 31.131}]",20
8,1,"[{'Lap': 1, 'StopTime': 2358.026}]",1
8,1,"[{'Lap': 1, 'StopTime': 2357.645}]",2
8,1,"[{'Lap': 1, 'StopTime': 2327.072}]",3
8,1,"[{'Lap': 1, 'StopTime': 2365.538}]",4
8,1,"[{'Lap': 1, 'StopTime': 2369.363}]",5
8,2,"[{'Lap': 1, 'StopTime': 2372.67}, {'Lap': 2, 'StopTime': 23.813}]",6
8,2,"[{'Lap': 1, 'StopTime': 2375.369}, {'Lap': 2, 'StopTime': 24.232}]",7
8,1,"[{'Lap': 1, 'StopTime': 2377.564}]",8
8,1,"[{'Lap': 1, 'StopTime': 2381.39}]",9
8,1,"[{'Lap': 1, 'StopTime': 2381.893}]",10
8,1,"[{'Lap': 1, 'StopTime': 2389.467}]",11
8,1,"[{'Lap': 1, 'StopTime': 2385.823}]",12
8,2,"[{'Lap': 1, 'StopTime': 2394.053}, {'Lap': 2, 'StopTime': 24.239}]",13
8,3,"[{'Lap': 1, 'StopTime': 2383.588}, {'Lap': 2, 'StopTime': 24.132}, {'Lap': 3, 'StopTime': 28.211}]",14
8,2,"[{'Lap': 1, 'StopTime': 2391.6}, {'Lap': 2, 'StopTime': 24.384}]",15
8,2,"[{'Lap': 1, 'StopTime': 2386.414}, {'Lap': 2, 'StopTime': 24.367}]",16
8,0,[],17
8,0,[],18
8,0,[],19
8,0,[],20
9,2,"[{'Lap': 25, 'StopTime': 24.306}, {'Lap': 45, 'StopTime': 24.246}]",1
9,2,"[{'Lap': 26, 'StopTime': 23.423}, {'Lap': 47, 'StopTime': 23.983}]",2
9,3,"[{'Lap': 25, 'StopTime': 24.044}, {'Lap': 45, 'StopTime': 25.431}, {'Lap': 54, 'StopTime': 28.157}]",3
9,3,"[{'Lap': 25, 'StopTime': 23.762}, {'Lap': 43, 'StopTime': 24.226}, {'Lap': 54, 'StopTime': 28.817}]",4
9,2,"[{'Lap': 25, 'StopTime': 23.977}, {'Lap': 44, 'StopTime': 23.476}]",5
9,2,"[{'Lap': 25, 'StopTime': 25.788}, {'Lap': 44, 'StopTime': 24.346}]",6
9,2,"[{'Lap': 25, 'StopTime': 24.284}, {'Lap': 44, 'StopTime': 25.025}]",7
9,2,"[{'Lap': 26, 'StopTime': 30.298}, {'Lap': 43, 'StopTime': 23.86}]",8
9,2,"[{'Lap': 25, 'StopTime': 24.911}, {'Lap': 40, 'StopTime': 24.408}]",9
9,1,"[{'Lap': 44, 'StopTime': 24.495}]",10
9,3,"[{'Lap': 12, 'StopTime': 24.233}, {'Lap': 25, 'StopTime': 24.668}, {'Lap': 44, 'StopTime': 24.751}]",11
9,4,"[{'Lap': 7, 'StopTime': 30.472}, {'Lap': 25, 'StopTime': 26.794}, {'Lap': 41, 'StopTime': 24.833}, {'Lap': 54, 'StopTime': 26.845}]",12
9,1,"[{'Lap': 42, 'StopTime': 24.929}]",13
9,1,"[{'Lap': 44, 'StopTime': 25.569}]",14
9,3,"[{'Lap': 24, 'StopTime': 25.598}, {'Lap': 44, 'StopTime': 65.564}, {'Lap': 52, 'StopTime': 28.375}]",15
9,2,"[{'Lap': 25, 'StopTime': 27.626}, {'Lap': 43, 'StopTime': 24.125}]",16
9,2,"[{'Lap': 25, 'StopTime': 24.753}, {'Lap': 44, 'StopTime': 24.804}]",17
9,2,"[{'Lap': 25, 'StopTime': 33.762}, {'Lap': 43, 'StopTime': 24.423}]",18
9,3,"[{'Lap': 25, 'StopTime': 24.031}, {'Lap': 28, 'StopTime': 47.186}, {'Lap': 31, 'StopTime': 24.629}]",19
9,0,[],20
10,2,"[{'Lap': 17, 'StopTime': 21.544}, {'Lap': 44, 'StopTime': 22.34}]",1
10,2,"[{'Lap': 23, 'StopTime': 21.618}, {'Lap': 47, 'StopTime': 22.631}]",2
10,2,"[{'Lap': 16, 'StopTime': 21.84}, {'Lap': 43, 'StopTime': 21.603}]",3
10,2,"[{'Lap': 15, 'StopTime': 25.023}, {'Lap': 36, 'StopTime': 22.7}]",4
10,2,"[{'Lap': 24, 'StopTime': 22.26}, {'Lap': 47, 'StopTime': 21.624}]",5
10,2,"[{'Lap': 15, 'StopTime': 22.194}, {'Lap': 36, 'StopTime': 22.249}]",6
10,2,"[{'Lap': 21, 'StopTime': 22.224}, {'Lap': 46, 'StopTime': 22.42}]",7
10,3,"[{'Lap': 13, 'StopTime': 22.181}, {'Lap': 31, 'StopTime': 21.464}, {'Lap': 49, 'StopTime': 21.472}]",8
10,2,"[{'Lap': 14, 'StopTime': 26.097}, {'Lap': 38, 'StopTime': 21.687}]",9
10,2,"[{'Lap': 13, 'StopTime': 21.834}, {'Lap': 37, 'StopTime': 21.921}]",10
10,2,"[{'Lap': 12, 'StopTime': 22.722}, {'Lap': 38, 'StopTime': 22.518}]",11
10,2,"[{'Lap': 19, 'StopTime': 21.957}, {'Lap': 45, 'StopTime': 22.571}]",12
10,2,"[{'Lap': 9, 'StopTime': 22.523}, {'Lap': 41, 'StopTime': 24.253}]",13
10,2,"[{'Lap': 17, 'StopTime': 21.88}, {'Lap': 37, 'StopTime': 23.381}]",14
10,2,"[{'Lap': 16, 'StopTime': 22.364}, {'Lap': 42, 'StopTime': 22.108}]",15
10,2,"[{'Lap': 11, 'StopTime': 22.744}, {'Lap': 28, 'StopTime': 22.963}]",16
10,2,"[{'Lap': 10, 'StopTime': 23.36}, {'Lap': 29, 'StopTime': 28.967}]",17
10,2,"[{'Lap': 18, 'StopTime': 23.248}, {'Lap': 43, 'StopTime': 21.892}]",18
10,3,"[{'Lap': 9, 'StopTime': 22.064}, {'Lap': 27, 'StopTime': 22.084}, {'Lap': 44, 'StopTime': 22.564}]",19
10,2,"[{'Lap': 14, 'StopTime': 22.401}, {'Lap': 34, 'StopTime': 22.506}]",20
11,2,"[{'Lap': 22, 'StopTime': 21.673}, {'Lap': 46, 'StopTime': 21.229}]",1
11,2,"[{'Lap': 25, 'StopTime': 20.978}, {'Lap': 51, 'StopTime': 20.775}]",2
11,2,"[{'Lap': 22, 'StopTime': 21.226}, {'Lap': 47, 'StopTime': 21.283}]",3
11,2,"[{'Lap': 21, 'StopTime': 21.563}, {'Lap': 53, 'StopTime': 27.281}]",4
11,3,"[{'Lap': 23, 'StopTime': 21.899}, {'Lap': 51, 'StopTime': 25.841}, {'Lap': 64, 'StopTime': 22.729}]",5
11,2,"[{'Lap': 11, 'StopTime': 22.355}, {'Lap': 39, 'StopTime': 21.814}]",6
11,2,"[{'Lap': 21, 'StopTime': 21.291}, {'Lap': 51, 'StopTime': 27.5}]",7
11,2,"[{'Lap': 10, 'StopTime': 21.518}, {'Lap': 38, 'StopTime': 21.832}]",8
11,2,"[{'Lap': 10, 'StopTime': 21.502}, {'Lap': 37, 'StopTime': 21.093}]",9
11,2,"[{'Lap': 20, 'StopTime': 21.431}, {'Lap': 42, 'StopTime': 22.043}]",10
11,4,"[{'Lap': 1, 'StopTime': 31.917}, {'Lap': 16, 'StopTime': 21.685}, {'Lap': 33, 'StopTime': 22.243}, {'Lap': 51, 'StopTime': 20.903}]",11
11,2,"[{'Lap': 19, 'StopTime': 22.291}, {'Lap': 43, 'StopTime': 21.231}]",12
11,2,"[{'Lap': 20, 'StopTime': 21.399}, {'Lap': 43, 'StopTime': 21.302}]",13
11,2,"[{'Lap': 21, 'StopTime': 21.25}, {'Lap': 44, 'StopTime': 23.444}]",14
11,2,"[{'Lap': 12, 'StopTime': 21.878}, {'Lap': 39, 'StopTime': 21.692}]",15
11,2,"[{'Lap': 19, 'StopTime': 21.918}, {'Lap': 42, 'StopTime': 21.991}]",16
11,2,"[{'Lap': 28, 'StopTime': 23.198}, {'Lap': 51, 'StopTime': 21.594}]",17
11,3,"[{'Lap': 11, 'StopTime': 21.483}, {'Lap': 35, 'StopTime': 33.947}, {'Lap': 68, 'StopTime': 22.487}]",18
11,3,"[{'Lap': 1, 'StopTime': 31.722}, {'Lap': 20, 'StopTime': 22.502}, {'Lap': 49, 'StopTime': 22.093}]",19
11,2,"[{'Lap': 23, 'StopTime': 21.617}, {'Lap': 51, 'StopTime': 21.411}]",20
12,2,"[{'Lap': 27, 'StopTime': 28.929}, {'Lap': 38, 'StopTime': 30.038}]",1
12,2,"[{'Lap': 26, 'StopTime': 28.365}, {'Lap': 38, 'StopTime': 29.076}]",2
12,2,"[{'Lap': 27, 'StopTime': 28.661}, {'Lap': 39, 'StopTime': 30.387}]",3
12,2,"[{'Lap': 28, 'StopTime': 29.541}, {'Lap': 38, 'StopTime': 29.2}]",4
12,3,"[{'Lap': 26, 'StopTime': 29.199}, {'Lap': 39, 'StopTime': 29.097}, {'Lap': 50, 'StopTime': 28.706}]",5
12,2,"[{'Lap': 26, 'StopTime': 29.412}, {'Lap': 39, 'StopTime': 30.265}]",6
12,2,"[{'Lap': 26, 'StopTime': 29.023}, {'Lap': 39, 'StopTime': 29.469}]",7
12,2,"[{'Lap': 27, 'StopTime': 29.341}, {'Lap': 38, 'StopTime': 29.686}]",8
12,2,"[{'Lap': 27, 'StopTime': 34.742}, {'Lap': 38, 'StopTime': 29.41}]",9
12,2,"[{'Lap': 27, 'StopTime': 30.0}, {'Lap': 38, 'StopTime': 29.658}]",10
12,2,"[{'Lap': 27, 'StopTime': 32.801}, {'Lap': 38, 'StopTime': 29.444}]",11
12,2,"[{'Lap': 27, 'StopTime': 30.308}, {'Lap': 37, 'StopTime': 29.884}]",12
12,2,"[{'Lap': 26, 'StopTime': 28.875}, {'Lap': 37, 'StopTime': 29.873}]",13
12,3,"[{'Lap': 19, 'StopTime': 28.481}, {'Lap': 27, 'StopTime': 29.233}, {'Lap': 37, 'StopTime': 29.166}]",14
12,2,"[{'Lap': 26, 'StopTime': 30.628}, {'Lap': 37, 'StopTime': 31.527}]",15
12,4,"[{'Lap': 19, 'StopTime': 28.495}, {'Lap': 21, 'StopTime': 28.276}, {'Lap': 26, 'StopTime': 29.289}, {'Lap': 38, 'StopTime': 29.086}]",16
12,4,"[{'Lap': 19, 'StopTime': 28.391}, {'Lap': 28, 'StopTime': 32.313}, {'Lap': 37, 'StopTime': 29.3}, {'Lap': 47, 'StopTime': 28.871}]",17
12,4,"[{'Lap': 12, 'StopTime': 29.178}, {'Lap': 19, 'StopTime': 29.838}, {'Lap': 26, 'StopTime': 29.125}, {'Lap': 37, 'StopTime': 33.083}]",18
12,1,"[{'Lap': 27, 'StopTime': 32.045}]",19
12,0,[],20
13,2,"[{'Lap': 18, 'StopTime': 21.641}, {'Lap': 47, 'StopTime': 21.823}]",1
13,2,"[{'Lap': 17, 'StopTime': 21.861}, {'Lap': 45, 'StopTime': 21.249}]",2
13,2,"[{'Lap': 16, 'StopTime': 21.306}, {'Lap': 40, 'StopTime': 21.91}]",3
13,2,"[{'Lap': 23, 'StopTime': 21.894}, {'Lap': 40, 'StopTime': 21.723}]",4
13,2,"[{'Lap': 21, 'StopTime': 22.101}, {'Lap': 49, 'StopTime': 21.344}]",5
13,2,"[{'Lap': 21, 'StopTime': 21.655}, {'Lap': 47, 'StopTime': 21.439}]",6
13,2,"[{'Lap': 28, 'StopTime': 21.395}, {'Lap': 47, 'StopTime': 21.056}]",7
13,2,"[{'Lap': 33, 'StopTime': 21.369}, {'Lap': 53, 'StopTime': 21.328}]",8
13,1,"[{'Lap': 29, 'StopTime': 21.467}]",9
13,2,"[{'Lap': 14, 'StopTime': 23.237}, {'Lap': 45, 'StopTime': 22.276}]",10
13,2,"[{'Lap': 7, 'StopTime': 22.542}, {'Lap': 37, 'StopTime': 21.8}]",11
13,2,"[{'Lap': 7, 'StopTime': 21.084}, {'Lap': 28, 'StopTime': 21.378}]",12
13,2,"[{'Lap': 2, 'StopTime': 22.287}, {'Lap': 29, 'StopTime': 22.472}]",13
13,2,"[{'Lap': 6, 'StopTime': 22.091}, {'Lap': 29, 'StopTime': 23.41}]",14
13,2,"[{'Lap': 6, 'StopTime': 21.871}, {'Lap': 34, 'StopTime': 22.531}]",15
13,2,"[{'Lap': 16, 'StopTime': 22.146}, {'Lap': 45, 'StopTime': 21.981}]",16
13,3,"[{'Lap': 8, 'StopTime': 21.757}, {'Lap': 33, 'StopTime': 21.398}, {'Lap': 63, 'StopTime': 21.908}]",17
13,3,"[{'Lap': 6, 'StopTime': 21.829}, {'Lap': 30, 'StopTime': 21.444}, {'Lap': 64, 'StopTime': 21.33}]",18
13,2,"[{'Lap': 7, 'StopTime': 21.993}, {'Lap': 36, 'StopTime': 22.183}]",19
13,1,"[{'Lap': 28, 'StopTime': 21.405}]",20
14,2,"[{'Lap': 11, 'StopTime': 23.188}, {'Lap': 26, 'StopTime': 22.704}]",1
14,2,"[{'Lap': 11, 'StopTime': 22.623}, {'Lap': 30, 'StopTime': 24.125}]",2
14,2,"[{'Lap': 12, 'StopTime': 22.942}, {'Lap': 25, 'StopTime': 23.33}]",3
14,2,"[{'Lap': 10, 'StopTime': 23.214}, {'Lap': 28, 'StopTime': 22.943}]",4
14,2,"[{'Lap': 15, 'StopTime': 22.682}, {'Lap': 29, 'StopTime': 22.61}]",5
14,2,"[{'Lap': 20, 'StopTime': 23.08}, {'Lap': 28, 'StopTime': 23.089}]",6
14,3,"[{'Lap': 11, 'StopTime': 22.692}, {'Lap': 21, 'StopTime': 22.648}, {'Lap': 42, 'StopTime': 22.632}]",7
14,1,"[{'Lap': 13, 'StopTime': 23.075}]",8
14,2,"[{'Lap': 12, 'StopTime': 23.366}, {'Lap': 30, 'StopTime': 23.546}]",9
14,2,"[{'Lap': 8, 'StopTime': 22.643}, {'Lap': 21, 'StopTime': 22.328}]",10
14,1,"[{'Lap': 12, 'StopTime': 23.01}]",11
14,2,"[{'Lap': 8, 'StopTime': 23.606}, {'Lap': 23, 'StopTime': 23.146}]",12
14,2,"[{'Lap': 9, 'StopTime': 22.9}, {'Lap': 28, 'StopTime': 22.844}]",13
14,1,"[{'Lap': 17, 'StopTime': 23.619}]",14
14,2,"[{'Lap': 11, 'StopTime': 23.147}, {'Lap': 35, 'StopTime': 22.949}]",15
14,1,"[{'Lap': 15, 'StopTime': 23.452}]",16
14,2,"[{'Lap': 8, 'StopTime': 23.338}, {'Lap': 24, 'StopTime': 23.692}]",17
14,2,"[{'Lap': 7, 'StopTime': 23.562}, {'Lap': 20, 'StopTime': 23.268}]",18
14,0,[],19
14,1,"[{'Lap': 10, 'StopTime': 22.686}]",20
15,1,"[{'Lap': 28, 'StopTime': 21.536}]",1
15,1,"[{'Lap': 27, 'StopTime': 20.785}]",2
15,1,"[{'Lap': 24, 'StopTime': 20.841}]",3
15,1,"[{'Lap': 33, 'StopTime': 20.969}]",4
15,1,"[{'Lap': 30, 'StopTime': 20.84}]",5
15,1,"[{'Lap': 29, 'StopTime': 22.934}]",6
15,2,"[{'Lap': 25, 'StopTime': 21.846}, {'Lap': 54, 'StopTime': 21.159}]",7
15,2,"[{'Lap': 23, 'StopTime': 21.168}, {'Lap': 48, 'StopTime': 21.026}]",8
15,1,"[{'Lap': 32, 'StopTime': 22.646}]",9
15,1,"[{'Lap': 31, 'StopTime': 21.348}]",10
15,1,"[{'Lap': 14, 'StopTime': 21.619}]",11
15,1,"[{'Lap': 29, 'StopTime': 20.942}]",12
15,1,"[{'Lap': 30, 'StopTime': 21.385}]",13
15,2,"[{'Lap': 12, 'StopTime': 21.258}, {'Lap': 54, 'StopTime': 21.016}]",14
15,1,"[{'Lap': 30, 'StopTime': 21.015}]",15
15,1,"[{'Lap': 22, 'StopTime': 22.03}]",16
15,2,"[{'Lap': 14, 'StopTime': 21.249}, {'Lap': 32, 'StopTime': 20.88}]",17
15,1,"[{'Lap': 40, 'StopTime': 21.403}]",18
15,2,"[{'Lap': 15, 'StopTime': 21.095}, {'Lap': 43, 'StopTime': 21.273}]",19
15,2,"[{'Lap': 18, 'StopTime': 21.214}, {'Lap': 51, 'StopTime': 22.044}]",20
16,1,"[{'Lap': 15, 'StopTime': 24.551}]",1
16,2,"[{'Lap': 16, 'StopTime': 23.793}, {'Lap': 38, 'StopTime': 24.67}]",2
16,2,"[{'Lap': 14, 'StopTime': 24.169}, {'Lap': 32, 'StopTime': 24.87}]",3
16,1,"[{'Lap': 19, 'StopTime': 24.313}]",4
16,2,"[{'Lap': 15, 'StopTime': 24.469}, {'Lap': 37, 'StopTime': 24.155}]",5
16,2,"[{'Lap': 22, 'StopTime': 28.198}, {'Lap': 41, 'StopTime': 24.15}]",6
16,2,"[{'Lap': 11, 'StopTime': 32.696}, {'Lap': 33, 'StopTime': 26.297}]",7
16,2,"[{'Lap': 23, 'StopTime': 24.728}, {'Lap': 35, 'StopTime': 24.03}]",8
16,1,"[{'Lap': 17, 'StopTime': 24.801}]",9
16,1,"[{'Lap': 14, 'StopTime': 25.672}]",10
16,2,"[{'Lap': 12, 'StopTime': 24.866}, {'Lap': 35, 'StopTime': 24.501}]",11
16,1,"[{'Lap': 16, 'StopTime': 25.147}]",12
16,1,"[{'Lap': 11, 'StopTime': 30.317}]",13
16,1,"[{'Lap': 31, 'StopTime': 24.146}]",14
16,2,"[{'Lap': 10, 'StopTime': 24.335}, {'Lap': 30, 'StopTime': 24.203}]",15
16,1,"[{'Lap': 33, 'StopTime': 24.41}]",16
16,2,"[{'Lap': 5, 'StopTime': 38.875}, {'Lap': 32, 'StopTime': 36.576}]",17
16,1,"[{'Lap': 15, 'StopTime': 27.138}]",18
16,3,"[{'Lap': 19, 'StopTime': 24.98}, {'Lap': 36, 'StopTime': 24.209}, {'Lap': 50, 'StopTime': 25.269}]",19
16,0,[],20
17,1,"[{'Lap': 15, 'StopTime': 20.181}]",1
17,1,"[{'Lap': 16, 'StopTime': 20.671}]",2
17,1,"[{'Lap': 12, 'StopTime': 19.954}]",3
17,1,"[{'Lap': 37, 'StopTime': 19.712}]",4
17,2,"[{'Lap': 12, 'StopTime': 21.145}, {'Lap': 49, 'StopTime': 20.725}]",5
17,1,"[{'Lap': 11, 'StopTime': 20.073}]",6
17,1,"[{'Lap': 31, 'StopTime': 20.287}]",7
17,1,"[{'Lap': 10, 'StopTime': 20.596}]",8
17,1,"[{'Lap': 12, 'StopTime': 21.289}]",9
17,1,"[{'Lap': 14, 'StopTime': 21.276}]",10
17,1,"[{'Lap': 15, 'StopTime': 21.617}]",11
17,1,"[{'Lap': 50, 'StopTime': 20.257}]",12
17,1,"[{'Lap': 49, 'StopTime': 21.984}]",13
17,1,"[{'Lap': 34, 'StopTime': 20.52}]",14
17,1,"[{'Lap': 49, 'StopTime': 20.634}]",15
17,1,"[{'Lap': 11, 'StopTime': 20.045}]",16
17,1,"[{'Lap': 13, 'StopTime': 20.63}]",17
17,1,"[{'Lap': 17, 'StopTime': 21.483}]",18
17,2,"[{'Lap': 1, 'StopTime': 21.123}, {'Lap': 22, 'StopTime': 20.214}]",19
17,1,"[{'Lap': 12, 'StopTime': 20.922}]",20
18,1,"[{'Lap': 30, 'StopTime': 29.091}]",1
18,1,"[{'Lap': 29, 'StopTime': 29.655}]",2
18,1,"[{'Lap': 38, 'StopTime': 29.152}]",3
18,1,"[{'Lap': 27, 'StopTime': 28.739}]",4
18,1,"[{'Lap': 36, 'StopTime': 29.042}]",5
18,1,"[{'Lap': 17, 'StopTime': 29.272}]",6
18,1,"[{'Lap': 13, 'StopTime': 29.385}]",7
18,1,"[{'Lap': 25, 'StopTime': 29.251}]",8
18,1,"[{'Lap': 29, 'StopTime': 29.808}]",9
18,1,"[{'Lap': 28, 'StopTime': 28.99}]",10
18,1,"[{'Lap': 29, 'StopTime': 29.772}]",11
18,1,"[{'Lap': 33, 'StopTime': 29.662}]",12
18,1,"[{'Lap': 29, 'StopTime': 29.601}]",13
18,1,"[{'Lap': 26, 'StopTime': 29.816}]",14
18,1,"[{'Lap': 34, 'StopTime': 29.36}]",15
18,1,"[{'Lap': 33, 'StopTime': 30.423}]",16
18,1,"[{'Lap': 37, 'StopTime': 31.509}]",17
18,3,"[{'Lap': 10, 'StopTime': 30.316}, {'Lap': 46, 'StopTime': 29.066}, {'Lap': 58, 'StopTime': 29.653}]",18
18,2,"[{'Lap': 28, 'StopTime': 29.707}, {'Lap': 49, 'StopTime': 31.291}]",19
18,1,"[{'Lap': 11, 'StopTime': 29.126}]",20
19,1,"[{'Lap': 26, 'StopTime': 23.817}]",1
19,1,"[{'Lap': 21, 'StopTime': 23.963}]",2
19,1,"[{'Lap': 25, 'StopTime': 24.228}]",3
19,1,"[{'Lap': 31, 'StopTime': 23.731}]",4
19,1,"[{'Lap': 32, 'StopTime': 24.107}]",5
19,1,"[{'Lap': 40, 'StopTime': 29.327}]",6
19,1,"[{'Lap': 26, 'StopTime': 23.58}]",7
19,1,"[{'Lap': 27, 'StopTime': 24.5}]",8
19,1,"[{'Lap': 36, 'StopTime': 23.839}]",9
19,1,"[{'Lap': 39, 'StopTime': 23.971}]",10
19,2,"[{'Lap': 17, 'StopTime': 23.966}, {'Lap': 38, 'StopTime': 24.087}]",11
19,1,"[{'Lap': 18, 'StopTime': 28.228}]",12
19,1,"[{'Lap': 26, 'StopTime': 24.247}]",13
19,1,"[{'Lap': 18, 'StopTime': 24.193}]",14
19,1,"[{'Lap': 27, 'StopTime': 26.399}]",15
19,2,"[{'Lap': 3, 'StopTime': 34.983}, {'Lap': 33, 'StopTime': 24.391}]",16
19,1,"[{'Lap': 15, 'StopTime': 24.439}]",17
19,2,"[{'Lap': 31, 'StopTime': 24.156}, {'Lap': 51, 'StopTime': 26.175}]",18
19,2,"[{'Lap': 13, 'StopTime': 24.433}, {'Lap': 35, 'StopTime': 24.89}]",19
19,0,[],20
20,1,"[{'Lap': 32, 'StopTime': 22.249}]",1
20,1,"[{'Lap': 30, 'StopTime': 22.111}]",2
20,2,"[{'Lap': 31, 'StopTime': 22.86}, {'Lap': 69, 'StopTime': 22.69}]",3
20,1,"[{'Lap': 28, 'StopTime': 22.538}]",4
20,1,"[{'Lap': 31, 'StopTime': 22.462}]",5
20,1,"[{'Lap': 26, 'StopTime': 43.73}]",6
20,1,"[{'Lap': 30, 'StopTime': 23.332}]",7
20,1,"[{'Lap': 39, 'StopTime': 21.825}]",8
20,1,"[{'Lap': 29, 'StopTime': 23.077}]",9
20,1,"[{'Lap': 28, 'StopTime': 23.204}]",10
20,1,"[{'Lap': 26, 'StopTime': 22.592}]",11
20,1,"[{'Lap': 47, 'StopTime': 23.895}]",12
20,1,"[{'Lap': 48, 'StopTime': 23.245}]",13
20,1,"[{'Lap': 49, 'StopTime': 22.505}]",14
20,1,"[{'Lap': 43, 'StopTime': 22.935}]",15
20,2,"[{'Lap': 39, 'StopTime': 22.586}, {'Lap': 65, 'StopTime': 30.299}]",16
20,3,"[{'Lap': 20, 'StopTime': 27.73}, {'Lap': 43, 'StopTime': 22.174}, {'Lap': 68, 'StopTime': 21.92}]",17
20,0,[],18
20,0,[],19
20,0,[],20
21,1,"[{'Lap': 32, 'StopTime': 1409.303}]",1
21,1,"[{'Lap': 32, 'StopTime': 1408.695}]",2
21,1,"[{'Lap': 32, 'StopTime': 1407.586}]",3
21,2,"[{'Lap': 28, 'StopTime': 25.698}, {'Lap': 32, 'StopTime': 1415.838}]",4
21,2,"[{'Lap': 24, 'StopTime': 24.573}, {'Lap': 32, 'StopTime': 1420.26}]",5
21,2,"[{'Lap': 28, 'StopTime': 24.764}, {'Lap': 32, 'StopTime': 1415.363}]",6
21,2,"[{'Lap': 28, 'StopTime': 25.431}, {'Lap': 32, 'StopTime': 1419.03}]",7
21,2,"[{'Lap': 27, 'StopTime': 26.05}, {'Lap': 32, 'StopTime': 1420.27}]",8
21,2,"[{'Lap': 28, 'StopTime': 28.167}, {'Lap': 32, 'StopTime': 1422.722}]",9
21,2,"[{'Lap': 27, 'StopTime': 25.205}, {'Lap': 32, 'StopTime': 1425.703}]",10
21,2,"[{'Lap': 27, 'StopTime': 26.692}, {'Lap': 32, 'StopTime': 1425.215}]",11
21,2,"[{'Lap': 27, 'StopTime': 35.755}, {'Lap': 32, 'StopTime': 1424.737}]",12
21,1,"[{'Lap': 32, 'StopTime': 1422.094}]",13
21,2,"[{'Lap': 27, 'StopTime': 25.107}, {'Lap': 32, 'StopTime': 1422.872}]",14
21,4,"[{'Lap': 27, 'StopTime': 25.248}, {'Lap': 28, 'StopTime': 27.067}, {'Lap': 31, 'StopTime': 1283.154}, {'Lap': 32, 'StopTime': 68.542}]",15
21,2,"[{'Lap': 27, 'StopTime': 25.92}, {'Lap': 32, 'StopTime': 1424.659}]",16
21,2,"[{'Lap': 26, 'StopTime': 25.287}, {'Lap': 30, 'StopTime': 25.239}]",17
21,0,[],18
21,0,[],19
21,3,"[{'Lap': 25, 'StopTime': 25.369}, {'Lap': 27, 'StopTime': 58.984}, {'Lap': 29, 'StopTime': 28.59}]",20
22,2,"[{'Lap': 12, 'StopTime': 21.072}, {'Lap': 32, 'StopTime': 20.975}]",1
22,2,"[{'Lap': 13, 'StopTime': 21.067}, {'Lap': 27, 'StopTime': 21.355}]",2
22,2,"[{'Lap': 10, 'StopTime': 21.048}, {'Lap': 28, 'StopTime': 20.879}]",3
22,2,"[{'Lap': 9, 'StopTime': 21.329}, {'Lap': 31, 'StopTime': 21.585}]",4
22,2,"[{'Lap': 11, 'StopTime': 20.697}, {'Lap': 27, 'StopTime': 22.254}]",5
22,3,"[{'Lap': 9, 'StopTime': 21.194}, {'Lap': 30, 'StopTime': 20.668}, {'Lap': 48, 'StopTime': 21.059}]",6
22,2,"[{'Lap': 10, 'StopTime': 27.732}, {'Lap': 25, 'StopTime': 21.082}]",7
22,2,"[{'Lap': 14, 'StopTime': 21.511}, {'Lap': 33, 'StopTime': 21.702}]",8
22,2,"[{'Lap': 10, 'StopTime': 21.168}, {'Lap': 29, 'StopTime': 21.208}]",9
22,2,"[{'Lap': 17, 'StopTime': 21.294}, {'Lap': 32, 'StopTime': 21.034}]",10
22,2,"[{'Lap': 4, 'StopTime': 21.407}, {'Lap': 24, 'StopTime': 21.407}]",11
22,1,"[{'Lap': 17, 'StopTime': 21.963}]",12
22,2,"[{'Lap': 11, 'StopTime': 22.96}, {'Lap': 34, 'StopTime': 21.761}]",13
22,2,"[{'Lap': 16, 'StopTime': 21.17}, {'Lap': 26, 'StopTime': 21.221}]",14
22,2,"[{'Lap': 9, 'StopTime': 34.863}, {'Lap': 28, 'StopTime': 21.588}]",15
22,2,"[{'Lap': 11, 'StopTime': 21.049}, {'Lap': 38, 'StopTime': 20.642}]",16
22,3,"[{'Lap': 11, 'StopTime': 15.79}, {'Lap': 12, 'StopTime': 21.142}, {'Lap': 45, 'StopTime': 21.858}]",17
22,2,"[{'Lap': 17, 'StopTime': 21.623}, {'Lap': 35, 'StopTime': 22.821}]",18
22,1,"[{'Lap': 9, 'StopTime': 22.012}]",19
22,1,"[{'Lap': 10, 'StopTime': 22.179}]",20
23,3,"[{'Lap': 35, 'StopTime': 28.303}, {'Lap': 36, 'StopTime': 23.884}, {'Lap': 37, 'StopTime': 22.703}]",1
23,3,"[{'Lap': 35, 'StopTime': 28.46}, {'Lap': 36, 'StopTime': 25.675}, {'Lap': 37, 'StopTime': 28.983}]",2
23,3,"[{'Lap': 34, 'StopTime': 27.818}, {'Lap': 36, 'StopTime': 22.867}, {'Lap': 37, 'StopTime': 29.326}]",3
23,4,"[{'Lap': 23, 'StopTime': 32.309}, {'Lap': 35, 'StopTime': 27.87}, {'Lap': 36, 'StopTime': 22.763}, {'Lap': 37, 'StopTime': 34.037}]",4
23,3,"[{'Lap': 35, 'StopTime': 28.792}, {'Lap': 36, 'StopTime': 22.717}, {'Lap': 37, 'StopTime': 30.488}]",5
23,3,"[{'Lap': 34, 'StopTime': 36.143}, {'Lap': 36, 'StopTime': 22.776}, {'Lap': 37, 'StopTime': 34.356}]",6
23,3,"[{'Lap': 35, 'StopTime': 28.628}, {'Lap': 36, 'StopTime': 28.592}, {'Lap': 37, 'StopTime': 32.811}]",7
23,3,"[{'Lap': 35, 'StopTime': 29.085}, {'Lap': 36, 'StopTime': 23.228}, {'Lap': 37, 'StopTime': 34.818}]",8
23,3,"[{'Lap': 27, 'StopTime': 28.543}, {'Lap': 36, 'StopTime': 22.696}, {'Lap': 37, 'StopTime': 33.363}]",9
23,4,"[{'Lap': 35, 'StopTime': 28.024}, {'Lap': 36, 'StopTime': 25.592}, {'Lap': 37, 'StopTime': 28.746}, {'Lap': 45, 'StopTime': 36.069}]",10
23,3,"[{'Lap': 24, 'StopTime': 29.034}, {'Lap': 35, 'StopTime': 28.968}, {'Lap': 36, 'StopTime': 28.14}]",11
23,4,"[{'Lap': 34, 'StopTime': 37.915}, {'Lap': 35, 'StopTime': 23.412}, {'Lap': 36, 'StopTime': 26.815}, {'Lap': 47, 'StopTime': 22.705}]",12
23,4,"[{'Lap': 35, 'StopTime': 29.024}, {'Lap': 36, 'StopTime': 22.714}, {'Lap': 37, 'StopTime': 35.849}, {'Lap': 40, 'StopTime': 29.271}]",13
23,4,"[{'Lap': 35, 'StopTime': 45.049}, {'Lap': 36, 'StopTime': 22.737}, {'Lap': 37, 'StopTime': 26.79}, {'Lap': 40, 'StopTime': 34.655}]",14
23,4,"[{'Lap': 35, 'StopTime': 29.179}, {'Lap': 36, 'StopTime': 22.71}, {'Lap': 37, 'StopTime': 36.548}, {'Lap': 55, 'StopTime': 39.687}]",15
23,4,"[{'Lap': 1, 'StopTime': 32.957}, {'Lap': 31, 'StopTime': 28.343}, {'Lap': 36, 'StopTime': 23.81}, {'Lap': 37, 'StopTime': 37.692}]",16
23,3,"[{'Lap': 35, 'StopTime': 28.088}, {'Lap': 36, 'StopTime': 22.705}, {'Lap': 37, 'StopTime': 29.459}]",17
23,2,"[{'Lap': 1, 'StopTime': 29.783}, {'Lap': 7, 'StopTime': 41.674}]",18
23,0,[],19
23,0,[],20
24,1,"[{'Lap': 26, 'StopTime': 21.276}]",1
24,1,"[{'Lap': 25, 'StopTime': 21.28}]",2
24,1,"[{'Lap': 20, 'StopTime': 21.869}]",3
24,1,"[{'Lap': 34, 'StopTime': 21.694}]",4
24,1,"[{'Lap': 26, 'StopTime': 21.656}]",5
24,1,"[{'Lap': 29, 'StopTime': 32.652}]",6
24,1,"[{'Lap': 14, 'StopTime': 22.059}]",7
24,1,"[{'Lap': 13, 'StopTime': 21.53}]",8
24,2,"[{'Lap': 13, 'StopTime': 23.326}, {'Lap': 37, 'StopTime': 22.437}]",9
24,2,"[{'Lap': 4, 'StopTime': 23.582}, {'Lap': 32, 'StopTime': 32.774}]",10
24,1,"[{'Lap': 12, 'StopTime': 22.065}]",11
24,1,"[{'Lap': 22, 'StopTime': 21.869}]",12
24,2,"[{'Lap': 12, 'StopTime': 23.024}, {'Lap': 39, 'StopTime': 28.765}]",13
24,2,"[{'Lap': 11, 'StopTime': 23.266}, {'Lap': 32, 'StopTime': 22.053}]",14
24,1,"[{'Lap': 22, 'StopTime': 22.08}]",15
24,4,"[{'Lap': 12, 'StopTime': 26.363}, {'Lap': 29, 'StopTime': 21.678}, {'Lap': 30, 'StopTime': 22.815}, {'Lap': 55, 'StopTime': 22.09}]",16
24,3,"[{'Lap': 23, 'StopTime': 23.415}, {'Lap': 24, 'StopTime': 22.565}, {'Lap': 29, 'StopTime': 32.317}]",17
24,1,"[{'Lap': 6, 'StopTime': 41.144}]",18
24,1,"[{'Lap': 3, 'StopTime': 24.941}]",19
24,0,[],20
